Maturity,Strike,Market Price,Black-Scholes Price
2025-03-21,5.0,207.07,207.69068732600212
2025-03-21,10.0,203.37,202.691372210598
2025-03-21,15.0,223.85,197.6920570951939
2025-03-21,20.0,192.14,192.69274197978976
2025-03-21,25.0,210.01,187.69342686438563
2025-03-21,30.0,229.0,182.6941117489815
2025-03-21,35.0,201.75,177.69479663357737
2025-03-21,40.0,177.52,172.69548151817324
2025-03-21,45.0,168.28,167.6961664027691
2025-03-21,50.0,163.35,162.696851287365
2025-03-21,55.0,158.3,157.69753617196088
2025-03-21,60.0,161.51,152.69822105655675
2025-03-21,65.0,170.3,147.69890594115262
2025-03-21,70.0,142.08,142.6995908257485
2025-03-21,75.0,137.2,137.70027571034439
2025-03-21,80.0,132.1,132.70096059494023
2025-03-21,85.0,128.31,127.70164547953611
2025-03-21,90.0,121.95,122.702330364132
2025-03-21,95.0,117.15,117.70301524872787
2025-03-21,100.0,112.92,112.70370013332374
2025-03-21,105.0,107.05,107.70438501791962
2025-03-21,110.0,102.62,102.70506990251549
2025-03-21,115.0,97.29,97.70575478711136
2025-03-21,120.0,92.12,92.70643967170724
2025-03-21,125.0,88.1,87.70712455630311
2025-03-21,130.0,82.02,82.70780944089898
2025-03-21,135.0,77.31,77.70849432549485
2025-03-21,140.0,72.12,72.70917921009072
2025-03-21,145.0,68.2,67.70986409468662
2025-03-21,150.0,62.89,62.71054897928249
2025-03-21,155.0,59.08,57.71123386387836
2025-03-21,160.0,52.38,52.71191874847423
2025-03-21,162.5,52.15,50.21226119077218
2025-03-21,165.0,47.3,47.7126036330701
2025-03-21,167.5,45.94,45.21294607536805
2025-03-21,170.0,42.1,42.71328851766597
2025-03-21,172.5,40.89,40.21363095996392
2025-03-21,175.0,37.2,37.71397340226187
2025-03-21,177.5,35.5,35.21431584455979
2025-03-21,180.0,32.38,32.71465828685774
2025-03-21,182.5,32.01,30.215000729155662
2025-03-21,185.0,27.22,27.71534317145361
2025-03-21,187.5,26.55,25.21568561375156
2025-03-21,190.0,23.15,22.71602805604948
2025-03-21,192.5,19.9,20.21637049834746
2025-03-21,195.0,17.6,17.716712940649188
2025-03-21,197.5,15.25,15.217055385270982
2025-03-21,200.0,13.3,12.717398351417785
2025-03-21,202.5,10.8,10.217787227066225
2025-03-21,205.0,8.55,7.719831958853632
2025-03-21,207.5,6.52,5.247439293463202
2025-03-21,210.0,4.7,2.950939396639143
2025-03-21,212.5,3.15,1.213427316322111
2025-03-21,215.0,1.97,0.3207929288217528
2025-03-21,217.5,1.13,0.049444920209735344
2025-03-21,220.0,0.58,0.004191061406183749
2025-03-21,222.5,0.3,0.00018992205982611143
2025-03-21,225.0,0.15,4.559399589556656e-06
2025-03-21,227.5,0.08,5.8105397742774534e-08
2025-03-21,230.0,0.05,3.964489404765992e-10
2025-03-21,232.5,0.03,1.4658547306306376e-12
2025-03-21,235.0,0.02,2.9790931694067903e-15
2025-03-21,237.5,0.01,3.3790526333342964e-18
2025-03-21,240.0,0.01,2.1730670151914076e-21
2025-03-21,242.5,0.01,8.050726668296929e-25
2025-03-21,245.0,0.01,1.7456917242985171e-28
2025-03-21,247.5,0.01,2.2504342312776945e-32
2025-03-21,250.0,0.01,1.751449761678878e-36
2025-03-21,252.5,0.01,8.353613697374349e-41
2025-03-21,255.0,0.01,2.4776572951395598e-45
2025-03-21,257.5,0.01,4.635184857846584e-50
2025-03-21,260.0,0.01,5.545504400939571e-55
2025-03-21,262.5,0.01,4.3000357815569936e-60
2025-03-21,265.0,0.01,2.1892225944253586e-65
2025-03-21,267.5,0.01,7.41050992246559e-71
2025-03-21,270.0,0.01,1.6882134675291548e-76
2025-03-21,275.0,0.01,2.798560166845872e-88
2025-03-21,280.0,0.01,1.0908723884852189e-100
2025-03-21,285.0,0.01,1.0875385601870038e-113
2025-03-21,290.0,0.01,3.0001519873638584e-127
2025-03-21,295.0,0.01,2.4655821784515623e-141
2025-03-21,300.0,0.01,6.468826283620038e-156
2025-03-21,305.0,0.01,5.781707892644387e-171
2025-03-21,310.0,0.01,1.871026901700936e-186
2025-03-21,315.0,0.01,2.3214592788367523e-202
2025-03-21,320.0,0.01,1.1653895994657156e-218
2025-03-21,325.0,0.01,2.4899700437423787e-235
2025-03-21,330.0,0.01,2.3747722736704965e-252
2025-03-21,335.0,0.02,1.0574097572119681e-269
2025-03-21,340.0,0.01,2.2931118578436096e-287
2025-03-21,350.0,0.01,0.0
2025-03-21,360.0,0.01,0.0
2025-03-21,370.0,0.01,0.0
2025-03-21,380.0,0.01,0.0
2025-03-28,120.0,98.5,92.8214372584893
2025-03-28,130.0,87.3,82.83239015991288
2025-03-28,140.0,73.45,72.84334306133647
2025-03-28,145.0,67.55,67.84881951204827
2025-03-28,150.0,62.11,62.85429596276006
2025-03-28,152.5,59.49,60.35703418811596
2025-03-28,155.0,58.57,57.85977241347186
2025-03-28,157.5,55.89,55.36251063882776
2025-03-28,160.0,52.85,52.865248864183656
2025-03-28,162.5,51.4,50.36798708953964
2025-03-28,165.0,47.35,47.870725314897214
2025-03-28,167.5,45.6,45.37346354028293
2025-03-28,170.0,45.23,42.87620176607015
2025-03-28,172.5,42.7,40.37893999656197
2025-03-28,175.0,40.15,37.881678272702004
2025-03-28,177.5,37.65,35.384416918290356
2025-03-28,180.0,34.9,32.88715807555053
2025-03-28,182.5,30.05,30.389913672154364
2025-03-28,185.0,29.32,27.892739910315413
2025-03-28,187.5,25.15,25.395862032191133
2025-03-28,190.0,22.75,22.90005130226757
2025-03-28,192.5,20.8,20.407572911725367
2025-03-28,195.0,18.35,17.92415107071568
2025-03-28,197.5,15.8,15.462258562976245
2025-03-28,200.0,14.0,13.04534621975796
2025-03-28,202.5,11.95,10.711402017640353
2025-03-28,205.0,10.2,8.51316188101373
2025-03-28,207.5,8.2,6.512562185564889
2025-03-28,210.0,6.5,4.769294590978944
2025-03-28,212.5,5.02,3.3267098591510234
2025-03-28,215.0,3.75,2.2005807430250286
2025-03-28,217.5,2.67,1.375498628208959
2025-03-28,220.0,1.86,0.8101569435203828
2025-03-28,222.5,1.23,0.448724304308346
2025-03-28,225.0,0.82,0.2334008487318755
2025-03-28,227.5,0.53,0.11392079277456801
2025-03-28,230.0,0.33,0.05216254184193225
2025-03-28,232.5,0.21,0.022408864768462156
2025-03-28,235.0,0.14,0.009035963912485512
2025-03-28,237.5,0.1,0.0034223088660584877
2025-03-28,240.0,0.09,0.0012185248335076643
2025-03-28,242.5,0.09,0.0004082856867265103
2025-03-28,245.0,0.05,0.00012888433427176577
2025-03-28,247.5,0.04,3.8376768984678573e-05
2025-03-28,250.0,0.03,1.0792427850204187e-05
2025-03-28,252.5,0.03,2.8702410573590016e-06
2025-03-28,255.0,0.03,7.228386368777269e-07
2025-03-28,257.5,0.03,1.7261063180566298e-07
2025-03-28,260.0,0.01,3.913600007026256e-08
2025-03-28,262.5,0.02,8.436153181336158e-09
2025-03-28,265.0,0.02,1.7311809082717835e-09
2025-03-28,270.0,0.01,6.322268262552799e-11
2025-03-28,275.0,0.01,1.9255783169853624e-12
2025-03-28,280.0,0.01,4.938883089572758e-14
2025-03-28,285.0,0.01,1.0767349957928544e-15
2025-03-28,290.0,0.01,2.0129817560269986e-17
2025-03-28,295.0,0.01,3.254355977451573e-19
2025-03-28,300.0,0.01,4.586023787939258e-21
2025-03-28,305.0,0.02,5.675708063824406e-23
2025-03-28,310.0,0.02,6.21305155648836e-25
2025-03-28,315.0,0.01,6.0563393597013756e-27
2025-03-28,320.0,0.02,5.290468302994256e-29
2025-03-28,325.0,0.01,4.166418432169793e-31
2025-03-28,330.0,0.01,2.9749459616155802e-33
2025-04-04,100.0,113.6,112.89527092895594
2025-04-04,110.0,108.45,102.91579777771089
2025-04-04,120.0,99.3,92.93632462646586
2025-04-04,130.0,88.75,82.95685147522084
2025-04-04,140.0,72.82,72.97737832397581
2025-04-04,145.0,69.15,67.98764174835327
2025-04-04,150.0,61.05,62.99790517273249
2025-04-04,155.0,59.0,58.00816859726905
2025-04-04,160.0,53.75,53.01843203039752
2025-04-04,165.0,51.55,48.02869574977669
2025-04-04,170.0,43.45,43.038965526854014
2025-04-04,175.0,36.95,38.04931969625463
2025-04-04,180.0,33.19,33.06047298612879
2025-04-04,185.0,29.3,28.076919123742243
2025-04-04,190.0,24.9,23.118527812836447
2025-04-04,195.0,19.5,18.248030712670356
2025-04-04,200.0,15.15,13.607959343136173
2025-04-04,205.0,10.9,9.430144341958737
2025-04-04,210.0,7.75,5.97463846421158
2025-04-04,215.0,5.0,3.412711398326536
2025-04-04,220.0,2.9,1.7392436450206858
2025-04-04,225.0,1.56,0.7856644565692754
2025-04-04,230.0,0.76,0.31358572674519714
2025-04-04,235.0,0.37,0.11054121829268837
2025-04-04,240.0,0.21,0.03446790112220244
2025-04-04,245.0,0.1,0.009534613078904353
2025-04-04,250.0,0.07,0.0023488647561710763
2025-04-04,255.0,0.06,0.000517595100203716
2025-04-04,260.0,0.03,0.00010250443826693122
2025-04-04,265.0,0.03,1.8332239994356663e-05
2025-04-04,270.0,0.03,2.9751826698954363e-06
2025-04-04,275.0,0.02,4.4026268732163165e-07
2025-04-04,280.0,0.02,5.968047893672797e-08
2025-04-04,285.0,0.01,7.444397523261414e-09
2025-04-04,290.0,0.01,8.58187719187535e-10
2025-04-04,295.0,0.02,9.180969965280978e-11
2025-04-04,300.0,0.02,9.150904891024862e-12
2025-04-04,305.0,0.03,8.52986495142024e-13
2025-04-04,310.0,0.03,7.462348721307489e-14
2025-04-04,315.0,0.03,6.148063066796254e-15
2025-04-04,320.0,0.03,4.785517522045999e-16
2025-04-04,325.0,0.03,3.5299880513126826e-17
2025-04-04,330.0,0.02,2.4747309229816115e-18
2025-04-11,100.0,115.0,112.99091864129736
2025-04-11,110.0,104.5,103.02101026128648
2025-04-11,150.0,63.7,63.14137674759738
2025-04-11,160.0,52.15,53.1714708636282
2025-04-11,165.0,51.85,48.186543991136375
2025-04-11,170.0,43.9,43.20182337714928
2025-04-11,175.0,37.7,38.218377642066116
2025-04-11,180.0,32.51,33.24095818891547
2025-04-11,185.0,28.45,28.28575969027466
2025-04-11,190.0,23.75,23.395636798355525
2025-04-11,195.0,20.6,18.659373060442533
2025-04-11,200.0,15.5,14.221211800016732
2025-04-11,205.0,12.14,10.262875061151902
2025-04-11,210.0,8.76,6.95425017744968
2025-04-11,215.0,5.95,4.394291080140746
2025-04-11,220.0,3.79,2.576318372316564
2025-04-11,225.0,2.2,1.3970495131564817
2025-04-11,230.0,1.23,0.6996510777628124
2025-04-11,235.0,0.67,0.32356389425039467
2025-04-11,240.0,0.38,0.13831120474566738
2025-04-11,245.0,0.22,0.054741772565307656
2025-04-11,250.0,0.13,0.020105914883912446
2025-04-11,255.0,0.1,0.006870777405910133
2025-04-11,260.0,0.06,0.002190748231002043
2025-04-11,265.0,0.06,0.0006536728727740276
2025-04-11,270.0,0.04,0.00018306433846644946
2025-04-11,275.0,0.03,4.826255088721072e-05
2025-04-11,280.0,0.04,1.2012847280609652e-05
2025-04-11,285.0,0.05,2.83102554949984e-06
2025-04-11,290.0,0.02,6.334271038439831e-07
2025-04-11,295.0,0.02,1.3491269695631425e-07
2025-04-11,300.0,0.01,2.7422914034832376e-08
2025-04-11,305.0,0.02,5.3325158023869786e-09
2025-04-11,330.0,0.02,8.240088063485506e-13
2025-04-17,110.0,105.0,103.11111212573294
2025-04-17,115.0,96.29,98.13025347502052
2025-04-17,120.0,92.41,93.1493948243081
2025-04-17,125.0,88.73,88.16853617359567
2025-04-17,130.0,81.9,83.18767752288363
2025-04-17,135.0,80.05,78.20681887219126
2025-04-17,140.0,72.1,73.22596022218318
2025-04-17,145.0,67.9,68.2451015883399
2025-04-17,150.0,62.7,63.26424322285058
2025-04-17,155.0,59.42,58.28338808469084
2025-04-17,160.0,52.6,53.30256183179651
2025-04-17,165.0,48.98,48.321932659969804
2025-04-17,170.0,43.2,43.34235085847439
2025-04-17,175.0,38.2,38.36718937690699
2025-04-17,180.0,33.75,33.40710432438064
2025-04-17,185.0,28.95,28.489238678685723
2025-04-17,190.0,25.05,23.66985175838596
2025-04-17,195.0,20.65,19.044321335694377
2025-04-17,200.0,16.5,14.744719410872051
2025-04-17,205.0,12.8,10.918294321338806
2025-04-17,210.0,9.46,7.691030606442894
2025-04-17,215.0,6.59,5.131631391543635
2025-04-17,220.0,4.35,3.2331420336587797
2025-04-17,225.0,2.66,1.919848787396404
2025-04-17,230.0,1.57,1.0735375277435324
2025-04-17,235.0,0.89,0.565318178767761
2025-04-17,240.0,0.52,0.28055154927443304
2025-04-17,245.0,0.32,0.1313775159076549
2025-04-17,250.0,0.21,0.05814673872201759
2025-04-17,255.0,0.14,0.02436936010955626
2025-04-17,260.0,0.1,0.00969096104753131
2025-04-17,265.0,0.09,0.0036645727216866875
2025-04-17,270.0,0.07,0.00132056800824705
2025-04-17,275.0,0.06,0.0004544925282213147
2025-04-17,280.0,0.05,0.00014971219210466874
2025-04-17,285.0,0.04,4.7300704624122624e-05
2025-04-17,290.0,0.03,1.4363074629101169e-05
2025-04-17,295.0,0.03,4.200063181079286e-06
2025-04-17,300.0,0.03,1.185003320834313e-06
2025-04-17,305.0,0.02,3.2317042825425263e-07
2025-04-17,310.0,0.01,8.533961692938782e-08
2025-04-17,315.0,0.02,2.1857546099343945e-08
2025-04-17,320.0,0.01,5.438445608149432e-09
2025-04-17,325.0,0.02,1.3165250910735204e-09
2025-04-17,330.0,0.01,3.105210471059951e-10
2025-04-17,335.0,0.01,7.145893435499143e-11
2025-04-17,340.0,0.01,1.6065430206621278e-11
2025-04-25,100.0,111.26,113.18193913476993
2025-04-25,120.0,94.93,93.28032647344277
2025-04-25,130.0,109.45,83.32952014294258
2025-04-25,140.0,75.28,73.3787138756935
2025-04-25,160.0,54.45,53.47744290079194
2025-04-25,165.0,50.25,48.50338334275503
2025-04-25,170.0,45.0,43.53322923476114
2025-04-25,175.0,37.31,38.57509617579302
2025-04-25,180.0,33.15,33.64826492037713
2025-04-25,185.0,32.05,28.79125691595266
2025-04-25,190.0,26.0,24.069202344646442
2025-04-25,195.0,20.4,19.575511949830485
2025-04-25,200.0,16.6,15.423364305988542
2025-04-25,205.0,13.12,11.726619668785787
2025-04-25,210.0,10.2,8.575539160772479
2025-04-25,215.0,7.34,6.016285718042354
2025-04-25,220.0,5.05,4.041970102892762
2025-04-25,225.0,3.3,2.5977385701478752
2025-04-25,230.0,2.0,1.5964683319264665
2025-04-25,235.0,1.28,0.9383205421841794
2025-04-25,240.0,0.75,0.5277433931777953
2025-04-25,245.0,0.46,0.28429976729161055
2025-04-25,250.0,0.28,0.1468663016411229
2025-04-25,255.0,0.2,0.07285276277576669
2025-04-25,260.0,0.13,0.03475242003349721
2025-04-25,265.0,0.12,0.015966387090378675
2025-04-25,270.0,0.1,0.0070760865458981415
2025-04-25,275.0,0.1,0.0030299111880920104
2025-04-25,280.0,0.06,0.0012554420207337436
2025-04-25,285.0,0.11,0.0005041514868499887
2025-04-25,290.0,0.18,0.00019650520147732227
2025-04-25,300.0,0.04,2.74567227258422e-05
2025-04-25,305.0,0.05,9.869742935980446e-06
2025-04-25,330.0,0.03,4.212830956518747e-08
2025-05-02,160.0,52.93,53.63097695854486
2025-05-02,180.0,34.37,33.87688295226516
2025-05-02,185.0,30.8,29.077736365644597
2025-05-02,190.0,25.4,24.43761583629066
2025-05-02,195.0,22.55,20.044170190695866
2025-05-02,200.0,18.76,15.995648845280925
2025-05-02,205.0,15.0,12.385097400498324
2025-05-02,210.0,11.5,9.282935679010848
2025-05-02,215.0,9.0,6.723586745375286
2025-05-02,220.0,6.6,4.700349672117653
2025-05-02,225.0,4.7,3.169455548419947
2025-05-02,230.0,3.25,2.0610008425596718
2025-05-02,235.0,2.18,1.292689667710249
2025-05-02,240.0,1.42,0.7824451042781568
2025-05-02,245.0,0.85,0.4573879078935317
2025-05-02,250.0,0.59,0.2584606414067938
2025-05-02,255.0,0.36,0.141334518265408
2025-05-02,260.0,0.28,0.07487730380981095
2025-05-02,265.0,0.28,0.03847941027271351
2025-05-02,270.0,0.47,0.0192054043196771
2025-05-16,100.0,123.5,113.46778386364302
2025-05-16,105.0,129.62,108.50667293475517
2025-05-16,110.0,103.57,103.54556200587695
2025-05-16,115.0,96.45,98.58445107721482
2025-05-16,120.0,91.51,93.62334015205663
2025-05-16,125.0,122.0,88.66222926930129
2025-05-16,130.0,91.64,83.70111878089034
2025-05-16,135.0,114.19,78.74001118334272
2025-05-16,140.0,78.58,73.77892066723282
2025-05-16,145.0,68.55,68.81791311569634
2025-05-16,150.0,64.7,63.85724260397464
2025-05-16,155.0,60.22,58.89773514794393
2025-05-16,160.0,54.15,53.94168420167736
2025-05-16,165.0,50.48,48.99459005276563
2025-05-16,170.0,44.45,44.06795837575132
2025-05-16,175.0,41.45,39.1829548939543
2025-05-16,180.0,37.1,34.37404602673507
2025-05-16,185.0,30.58,29.69114522758906
2025-05-16,190.0,27.08,25.19867351400893
2025-05-16,195.0,22.25,20.970612563385828
2025-05-16,200.0,19.2,17.081939481533624
2025-05-16,205.0,15.63,13.598227323259778
2025-05-16,210.0,12.9,10.566007145155837
2025-05-16,215.0,9.97,8.006329782771786
2025-05-16,220.0,7.55,5.912939039532745
2025-05-16,225.0,5.67,4.2550609940643085
2025-05-16,230.0,3.96,2.9836066957124316
2025-05-16,235.0,2.83,2.038964074124145
2025-05-16,240.0,1.93,1.3585902709825888
2025-05-16,245.0,1.31,0.883120815233422
2025-05-16,250.0,0.91,0.560395041681101
2025-05-16,255.0,0.64,0.3474049783236648
2025-05-16,260.0,0.45,0.21056920520251232
2025-05-16,265.0,0.33,0.12489234602265986
2025-05-16,270.0,0.25,0.07254918195630022
2025-05-16,275.0,0.19,0.041310592386403666
2025-05-16,280.0,0.17,0.02307796589049249
2025-05-16,285.0,0.14,0.012659338054152258
2025-05-16,290.0,0.11,0.006824402782065558
2025-05-16,295.0,0.1,0.0036183628380190846
2025-05-16,300.0,0.07,0.0018884109426401258
2025-05-16,305.0,0.08,0.0009708442513843146
2025-05-16,310.0,0.06,0.0004920294096660179
2025-05-16,315.0,0.05,0.0002459962820335511
2025-05-16,320.0,0.04,0.00012141076709347443
2025-06-20,5.0,208.85,207.75262073024018
2025-06-20,10.0,210.55,202.8152390190741
2025-06-20,15.0,212.08,197.87785730790804
2025-06-20,20.0,193.1,192.94047559674198
2025-06-20,25.0,216.77,188.0030938855759
2025-06-20,30.0,208.39,183.06571217440984
2025-06-20,35.0,196.75,178.12833046324374
2025-06-20,40.0,172.46,173.1909487520777
2025-06-20,45.0,193.8,168.2535670409116
2025-06-20,50.0,162.56,163.31618532974554
2025-06-20,55.0,159.17,158.37880361857947
2025-06-20,60.0,151.98,153.4414219074134
2025-06-20,65.0,156.12,148.50404019624733
2025-06-20,70.0,141.88,143.56665848508126
2025-06-20,75.0,137.9,138.6292767739152
2025-06-20,80.0,135.56,133.69189506274913
2025-06-20,85.0,152.46,128.75451335158314
2025-06-20,90.0,120.0,123.81713164041973
2025-06-20,95.0,126.41,118.87974992931224
2025-06-20,100.0,114.69,113.94236821906593
2025-06-20,105.0,110.78,109.00498651870983
2025-06-20,110.0,102.5,104.06760490590143
2025-06-20,115.0,112.18,99.13022390794445
2025-06-20,120.0,93.55,94.1928464220288
2025-06-20,125.0,88.6,89.2554856055347
2025-06-20,130.0,83.8,84.31819176819545
2025-06-20,135.0,78.83,79.38112949927088
2025-06-20,140.0,75.35,74.44476600320627
2025-06-20,145.0,71.17,69.51026618083853
2025-06-20,150.0,65.34,64.58020868949714
2025-06-20,155.0,59.34,59.65970876543693
2025-06-20,160.0,56.73,54.75793286628587
2025-06-20,165.0,52.04,49.889822081228374
2025-06-20,170.0,47.0,45.07765478379767
2025-06-20,175.0,41.45,40.35195587390001
2025-06-20,180.0,37.1,35.75127754408365
2025-06-20,185.0,35.15,31.320564616614234
2025-06-20,190.0,28.57,27.1081354666004
2025-06-20,195.0,24.85,23.16165875790378
2025-06-20,200.0,21.87,19.523771642247027
2025-06-20,205.0,18.5,16.228083121882946
2025-06-20,210.0,15.21,13.296215167066691
2025-06-20,215.0,12.5,10.73629517280024
2025-06-20,220.0,9.85,8.543007258246291
2025-06-20,225.0,7.71,6.699023549433349
2025-06-20,230.0,6.0,5.177434408827828
2025-06-20,235.0,4.5,3.9447068265340945
2025-06-20,240.0,3.35,2.9637162223517137
2025-06-20,245.0,2.45,2.196488703111015
2025-06-20,250.0,1.77,1.6064196830319446
2025-06-20,255.0,1.33,1.1598656394291673
2025-06-20,260.0,0.98,0.8271143147981697
2025-06-20,265.0,0.72,0.5828131335601903
2025-06-20,270.0,0.57,0.4059748633668203
2025-06-20,275.0,0.44,0.27968943979563043
2025-06-20,280.0,0.34,0.1906603233359716
2025-06-20,285.0,0.27,0.12866184681855453
2025-06-20,290.0,0.23,0.085988187430309
2025-06-20,295.0,0.18,0.05693998240361897
2025-06-20,300.0,0.15,0.03737406125202025
2025-06-20,310.0,0.11,0.015707649137219615
2025-06-20,320.0,0.09,0.0064036153685167185
2025-06-20,330.0,0.08,0.002539676029962981
2025-06-20,340.0,0.06,0.0009825131095416856
2025-06-20,350.0,0.04,0.00037168781281536785
2025-06-20,360.0,0.03,0.0001378101255510569
2025-07-18,115.0,100.05,99.56498084178567
2025-07-18,120.0,108.26,94.64656513364561
2025-07-18,125.0,90.4,89.72830888178461
2025-07-18,130.0,93.25,84.81051572869274
2025-07-18,135.0,108.65,79.89392003502209
2025-07-18,140.0,75.35,74.98011197423872
2025-07-18,145.0,99.67,70.07220389728954
2025-07-18,150.0,67.75,65.17574736164744
2025-07-18,155.0,72.15,60.29983112209328
2025-07-18,160.0,56.07,55.458195093215295
2025-07-18,165.0,50.93,50.670116563782244
2025-07-18,170.0,49.4,45.96079810101358
2025-07-18,175.0,42.95,41.361033525848086
2025-07-18,180.0,38.35,36.90604619529478
2025-07-18,185.0,35.77,32.633554273739065
2025-07-18,190.0,31.39,28.581277133271755
2025-07-18,195.0,25.9,24.784212535355948
2025-07-18,200.0,23.47,21.27205780842371
2025-07-18,205.0,20.1,18.067114122772182
2025-07-18,210.0,16.95,15.182916470498412
2025-07-18,215.0,14.2,12.623701677763009
2025-07-18,220.0,11.55,10.384694434240359
2025-07-18,225.0,9.27,8.453083008490353
2025-07-18,230.0,7.5,6.809487416200838
2025-07-18,235.0,5.95,5.429697082414677
2025-07-18,240.0,4.51,4.286466865039898
2025-07-18,245.0,3.47,3.3511985006007023
2025-07-18,250.0,2.63,2.5953862676855195
2025-07-18,255.0,1.97,1.991759490926821
2025-07-18,260.0,1.45,1.5151020833064024
2025-07-18,265.0,1.09,1.1427659049991021
2025-07-18,270.0,0.85,0.854918780401908
2025-07-18,275.0,0.67,0.6345804033441613
2025-07-18,280.0,0.52,0.4675023070827269
2025-07-18,285.0,0.43,0.3419443515261813
2025-07-18,290.0,0.34,0.24839247397998943
2025-07-18,295.0,0.29,0.17925300216348328
2025-07-18,300.0,0.24,0.12854928143154964
2025-07-18,305.0,0.18,0.09163776814751468
2025-07-18,310.0,0.18,0.06495362938047666
2025-07-18,315.0,0.14,0.04579043015382367
2025-07-18,320.0,0.15,0.0321146001048036
2025-07-18,325.0,0.15,0.02241283023781293
2025-07-18,330.0,0.25,0.015569080368685428
2025-07-18,340.0,0.06,0.007415044032973911
2025-07-18,350.0,0.11,0.0034755102756342665
2025-07-18,360.0,0.06,0.001605753986686699
2025-07-18,370.0,0.05,0.0007323826665436572
2025-07-18,380.0,0.03,0.00033020549308807913
2025-07-18,390.0,0.04,0.0001473519710940589
2025-07-18,400.0,0.03,6.51545803003876e-05
2025-08-15,105.0,108.99,109.7973452318978
2025-08-15,110.0,110.6,104.89772669001296
2025-08-15,115.0,133.3,99.99819035926454
2025-08-15,120.0,121.46,95.09889721488496
2025-08-15,125.0,92.63,90.20024401394937
2025-08-15,130.0,105.27,85.30310692787202
2025-08-15,135.0,106.04,80.40923750556334
2025-08-15,140.0,75.38,75.5218338494985
2025-08-15,145.0,68.35,70.64627051803487
2025-08-15,150.0,66.85,65.79091609064949
2025-08-15,155.0,66.25,60.96791216985696
2025-08-15,160.0,62.2,56.19375095426284
2025-08-15,165.0,51.84,51.48948663910045
2025-08-15,170.0,49.56,46.880455312797295
2025-08-15,175.0,44.23,42.395452449225274
2025-08-15,180.0,40.43,38.065409394456964
2025-08-15,185.0,38.1,33.92169820437894
2025-08-15,190.0,33.82,29.994257619465856
2025-08-15,195.0,27.67,26.3097593142582
2025-08-15,200.0,25.0,22.890020380712997
2025-08-15,205.0,21.56,19.750822067140817
2025-08-15,210.0,18.55,16.90122884754365
2025-08-15,215.0,16.37,14.343430557036484
2025-08-15,220.0,13.69,12.073066458996152
2025-08-15,225.0,11.5,10.079942505721107
2025-08-15,230.0,9.25,8.349025668468471
2025-08-15,235.0,7.36,6.861591635985306
2025-08-15,240.0,6.15,5.596410894437021
2025-08-15,245.0,4.74,4.530878073838132
2025-08-15,250.0,3.9,3.642015074091155
2025-08-15,255.0,3.05,2.9073051603416644
2025-08-15,260.0,2.33,2.3053394585417664
2025-08-15,265.0,1.89,1.8162769698861219
2025-08-15,270.0,1.52,1.4221334742928562
2025-08-15,275.0,1.13,1.106923578533829
2025-08-15,280.0,0.88,0.8566843778137851
2025-08-15,285.0,0.73,0.6594097535257575
2025-08-15,290.0,0.58,0.5049223163776997
2025-08-15,295.0,0.47,0.38470643044756603
2025-08-15,300.0,0.4,0.291721451444964
2025-08-15,305.0,0.36,0.22020990294089327
2025-08-15,310.0,0.27,0.1655112143893671
2025-08-15,315.0,0.27,0.12388809535521927
2025-08-15,320.0,0.19,0.09236972544889488
2025-08-15,325.0,0.19,0.06861370597212657
2025-08-15,330.0,0.17,0.050787092578458815
2025-08-15,340.0,0.11,0.02755034716444993
2025-08-15,350.0,0.09,0.014764913667269008
2025-08-15,360.0,0.1,0.00782705947042095
2025-08-15,370.0,0.08,0.0041088506928324275
2025-08-15,380.0,0.06,0.002138185876791765
2025-08-15,390.0,0.04,0.00110404177182339
2025-09-19,5.0,209.13,207.81378688006998
2025-09-19,10.0,205.39,202.93757131873372
2025-09-19,15.0,200.53,198.06135575739745
2025-09-19,20.0,201.0,193.18514019606118
2025-09-19,25.0,214.65,188.30892463472492
2025-09-19,30.0,202.75,183.43270907338865
2025-09-19,35.0,211.84,178.5564935120524
2025-09-19,50.0,192.19,163.9278468280436
2025-09-19,55.0,176.51,159.05163126670737
2025-09-19,60.0,154.16,154.17541570537134
2025-09-19,65.0,172.13,149.29920014404237
2025-09-19,70.0,143.46,144.422984582847
2025-09-19,75.0,156.01,139.54676902339952
2025-09-19,80.0,133.84,134.67055348067936
2025-09-19,85.0,161.2,129.7943380605214
2025-09-19,90.0,125.82,124.91812335388047
2025-09-19,95.0,148.35,120.04191205002951
2025-09-19,100.0,114.57,115.16571438181421
2025-09-19,105.0,124.99,110.28956361352819
2025-09-19,110.0,107.2,105.41355381975539
2025-09-19,115.0,107.0,100.53792006388812
2025-09-19,120.0,94.06,95.66318817299192
2025-09-19,125.0,91.4,90.79042315947649
2025-09-19,130.0,94.4,85.92159717069835
2025-09-19,135.0,104.91,81.06007709799096
2025-09-19,140.0,89.43,76.21120058905908
2025-09-19,145.0,76.32,71.382874157451
2025-09-19,150.0,64.5,66.58609856212848
2025-09-19,155.0,79.27,61.83531453521232
2025-09-19,160.0,59.4,57.14847220855688
2025-09-19,165.0,55.25,52.54675999495083
2025-09-19,170.0,51.65,48.053976847951134
2025-09-19,175.0,46.55,43.69558534982059
2025-09-19,180.0,41.55,39.49753068906037
2025-09-19,185.0,37.07,35.48494318756781
2025-09-19,190.0,34.9,31.680854669146015
2025-09-19,195.0,30.95,28.10505136089992
2025-09-19,200.0,26.9,24.773161876381607
2025-09-19,205.0,24.0,21.696044271339588
2025-09-19,210.0,20.82,18.879498032375878
2025-09-19,215.0,18.1,16.324291254058267
2025-09-19,220.0,15.7,14.026464598850694
2025-09-19,225.0,13.3,11.977854296033215
2025-09-19,230.0,11.22,10.16676688522601
2025-09-19,235.0,9.25,8.578737629717935
2025-09-19,240.0,7.55,7.197310576228077
2025-09-19,245.0,6.1,6.004788806527941
2025-09-19,250.0,5.1,4.982916258466304
2025-09-19,255.0,4.11,4.113465685503925
2025-09-19,260.0,3.3,3.3787194661713826
2025-09-19,265.0,2.65,2.761840181328658
2025-09-19,270.0,2.05,2.24713572917841
2025-09-19,275.0,1.63,1.8202291967486026
2025-09-19,280.0,1.37,1.4681469598450256
2025-09-19,285.0,1.06,1.179339899543347
2025-09-19,290.0,0.86,0.9436526229583375
2025-09-19,295.0,0.73,0.7522545780540355
2025-09-19,300.0,0.59,0.5975453316058505
2025-09-19,305.0,0.53,0.473044345120039
2025-09-19,310.0,0.4,0.37327357143862727
2025-09-19,320.0,0.3,0.2303177126081133
2025-09-19,330.0,0.23,0.14053362708039563
2025-09-19,340.0,0.17,0.08489033167819482
2025-09-19,350.0,0.13,0.050815667109384344
2025-09-19,360.0,0.11,0.030171752681228514
2025-09-19,370.0,0.13,0.017784295876802636
2025-09-19,380.0,0.09,0.0104146696079144
2025-09-19,390.0,0.08,0.006063708959246267
2025-10-17,115.0,101.46,100.96875445973082
2025-10-17,120.0,94.63,96.11453144105191
2025-10-17,125.0,105.03,91.26396296639915
2025-10-17,130.0,91.15,86.42005174134573
2025-10-17,135.0,82.3,81.58748598037425
2025-10-17,140.0,109.6,76.77312704809407
2025-10-17,145.0,82.7,71.98643783393425
2025-10-17,150.0,69.55,67.23977196706619
2025-10-17,155.0,64.1,62.54845239692881
2025-10-17,160.0,59.3,57.930591325193205
2025-10-17,165.0,53.0,53.4066374153295
2025-10-17,170.0,52.57,48.99867369171557
2025-10-17,175.0,63.0,44.72952325619215
2025-10-17,180.0,43.4,40.62174401138333
2025-10-17,185.0,39.35,36.69660467501137
2025-10-17,190.0,35.02,32.97313206181127
2025-10-17,195.0,30.8,29.467305917206545
2025-10-17,200.0,28.02,26.19145611429083
2025-10-17,205.0,24.91,23.15389196960615
2025-10-17,210.0,22.4,20.358768714873264
2025-10-17,215.0,19.34,17.806174834307413
2025-10-17,220.0,16.55,15.492407948091525
2025-10-17,225.0,14.41,13.41039695155952
2025-10-17,230.0,12.45,11.550224006661864
2025-10-17,235.0,10.26,9.89970085404741
2025-10-17,240.0,8.72,8.44495852804721
2025-10-17,245.0,7.35,7.1710165672151405
2025-10-17,250.0,5.96,6.062305969439116
2025-10-17,255.0,5.0,5.103128411208559
2025-10-17,260.0,4.08,4.278041877641741
2025-10-17,265.0,3.45,3.5721693523450213
2025-10-17,270.0,2.58,2.971432357718836
2025-10-17,275.0,2.2,2.462714874555953
2025-10-17,280.0,1.78,2.0339656001020856
2025-10-17,285.0,1.33,1.67424780658272
2025-10-17,290.0,1.21,1.3737464586962176
2025-10-17,295.0,0.96,1.1237419670846727
2025-10-17,300.0,0.85,0.9165592079344353
2025-10-17,305.0,0.65,0.7454994099878469
2025-10-17,310.0,0.55,0.604761347372162
2025-10-17,315.0,0.55,0.48935709171177155
2025-10-17,320.0,0.6,0.3950264486848356
2025-10-17,325.0,0.34,0.31815318273881754
2025-10-17,330.0,0.29,0.2556852464105761
2025-10-17,335.0,0.21,0.2050604875717199
2025-10-17,340.0,0.2,0.16413870659126673
2025-10-17,345.0,0.18,0.13114046547235025
2025-10-17,350.0,0.2,0.1045926974265805
2025-10-17,355.0,0.25,0.08328091095922319
2025-10-17,360.0,0.18,0.0662076099517841
2025-10-17,370.0,0.12,0.04166154649745146
2025-12-19,5.0,209.22,207.874195280529
2025-12-19,15.0,198.77,198.2425809587745
2025-12-19,20.0,191.65,193.42677379789725
2025-12-19,25.0,221.35,188.61096663702
2025-12-19,30.0,214.25,183.79515947614274
2025-12-19,35.0,176.07,178.9793523152655
2025-12-19,40.0,172.8,174.16354515438826
2025-12-19,50.0,164.47,164.53193083264074
2025-12-19,55.0,174.4,159.7161236719188
2025-12-19,60.0,153.41,154.90031651330403
2025-12-19,65.0,178.61,150.08450937540277
2025-12-19,70.0,151.53,145.26870238784366
2025-12-19,75.0,136.02,140.45289624724998
2025-12-19,80.0,134.5,135.63709395933049
2025-12-19,85.0,129.6,130.821306277575
2025-12-19,90.0,129.26,126.00556595119316
2025-12-19,95.0,118.5,121.18995972882561
2025-12-19,100.0,116.54,116.37469107531265
2025-12-19,105.0,109.9,111.56018888505803
2025-12-19,110.0,105.8,106.74727592542503
2025-12-19,115.0,118.5,101.93740381843877
2025-12-19,120.0,98.92,97.13294921635914
2025-12-19,125.0,102.0,92.33755057764168
2025-12-19,130.0,88.25,87.55645021427404
2025-12-19,135.0,83.7,82.79679601049637
2025-12-19,140.0,79.27,78.06785442479216
2025-12-19,145.0,74.94,73.38109226046129
2025-12-19,150.0,69.43,68.75009830912816
2025-12-19,155.0,66.1,64.19033471561946
2025-12-19,160.0,61.8,59.7187282625909
2025-12-19,165.0,57.6,55.35313022043036
2025-12-19,170.0,55.07,51.11168719762054
2025-12-19,175.0,50.51,47.01217298353785
2025-12-19,180.0,46.89,43.071332385527256
2025-12-19,185.0,41.56,39.30428327989836
2025-12-19,190.0,37.55,35.7240139941855
2025-12-19,195.0,34.57,32.34100150958396
2025-12-19,200.0,31.72,29.162963585004178
2025-12-19,205.0,29.65,26.19474624652956
2025-12-19,210.0,25.43,23.438338230178772
2025-12-19,215.0,22.5,20.892996530125174
2025-12-19,220.0,20.15,18.555462392956187
2025-12-19,225.0,17.5,16.420244786258777
2025-12-19,230.0,15.25,14.479948206765457
2025-12-19,235.0,13.41,12.725623205928827
2025-12-19,240.0,11.52,11.14712068794276
2025-12-19,245.0,9.63,9.733434392273281
2025-12-19,250.0,8.48,8.473019592862777
2025-12-19,255.0,6.96,7.354079601272325
2025-12-19,260.0,6.01,6.364814916780318
2025-12-19,265.0,5.05,5.4936326759991445
2025-12-19,270.0,4.2,4.729316345557777
2025-12-19,275.0,3.6,4.061157359980022
2025-12-19,280.0,2.9,3.479051661385146
2025-12-19,285.0,2.65,2.9735649035963014
2025-12-19,290.0,2.0,2.535970510935151
2025-12-19,295.0,1.76,2.158264906662083
2025-12-19,300.0,1.47,1.8331641209165568
2025-12-19,310.0,1.09,1.3151196227685418
2025-12-19,320.0,0.75,0.9370175402984326
2025-12-19,330.0,0.55,0.6634973222543392
2025-12-19,340.0,0.41,0.4672066945198745
2025-12-19,350.0,0.33,0.3273456259173182
2025-12-19,360.0,0.26,0.2283292306271285
2025-12-19,370.0,0.22,0.15863012770955986
2025-12-19,380.0,0.19,0.10981804812760743
2025-12-19,390.0,0.17,0.0757887124998633
2025-12-19,400.0,0.15,0.052160569344685936
2026-01-16,5.0,207.82,207.8926314899226
2026-01-16,15.0,234.67,198.29788958695528
2026-01-16,20.0,192.4,193.50051863547162
2026-01-16,25.0,188.02,188.70314768398796
2026-01-16,30.0,180.97,183.9057767325043
2026-01-16,35.0,181.0,179.10840578102068
2026-01-16,40.0,174.0,174.31103482953705
2026-01-16,45.0,167.91,169.51366387805558
2026-01-16,50.0,164.71,164.71629292663533
2026-01-16,55.0,155.77,159.91892197624824
2026-01-16,60.0,153.68,155.1215510374007
2026-01-16,65.0,168.53,150.32418019067157
2026-01-16,70.0,143.93,145.52680990139572
2026-01-16,75.0,139.44,140.7294422891939
2026-01-16,80.0,137.74,135.93208525559484
2026-01-16,85.0,158.18,131.13476363160703
2026-01-16,90.0,126.09,126.33754480238969
2026-01-16,95.0,121.7,121.54058983093373
2026-01-16,100.0,118.32,116.74424336763776
2026-01-16,105.0,111.5,111.94917470777452
2026-01-16,110.0,105.61,107.15657690682941
2026-01-16,115.0,103.45,102.36842091551647
2026-01-16,120.0,97.1,97.5877489447416
2026-01-16,125.0,94.6,92.81897865968939
2026-01-16,130.0,88.9,88.06818059576355
2026-01-16,135.0,85.83,83.34328793384715
2026-01-16,140.0,81.52,78.65420155764826
2026-01-16,145.0,76.75,74.0127635554602
2026-01-16,150.0,72.58,69.4325870522174
2026-01-16,155.0,68.5,64.9287467311213
2026-01-16,160.0,64.09,60.51734983512807
2026-01-16,165.0,57.35,56.21501956209252
2026-01-16,170.0,53.7,52.03833019297127
2026-01-16,175.0,49.8,48.00323559313975
2026-01-16,180.0,46.45,44.12453031731522
2026-01-16,185.0,42.47,40.41537643684592
2026-01-16,190.0,39.4,36.88692070561905
2026-01-16,195.0,35.4,33.5480171376429
2026-01-16,200.0,32.75,30.40506067499379
2026-01-16,205.0,29.7,27.46192928862463
2026-01-16,210.0,26.65,24.72002516063087
2026-01-16,215.0,23.85,22.178400817105583
2026-01-16,220.0,21.37,19.83395322683141
2026-01-16,225.0,18.6,17.681667772217338
2026-01-16,230.0,16.48,15.714894334995975
2026-01-16,235.0,14.25,13.925639165046363
2026-01-16,240.0,12.75,12.3048583570787
2026-01-16,245.0,10.77,10.842741319384245
2026-01-16,250.0,9.48,9.528975307215696
2026-01-16,255.0,8.1,8.352984698957975
2026-01-16,260.0,7.0,7.304141067219682
2026-01-16,265.0,5.75,6.371942147479089
2026-01-16,270.0,4.9,5.546159489888829
2026-01-16,275.0,4.23,4.816955888424864
2026-01-16,280.0,3.6,4.1749746356584225
2026-01-16,285.0,3.25,3.6114032883035385
2026-01-16,290.0,2.58,3.1180149951675915
2026-01-16,300.0,1.84,2.311924591073325
2026-01-16,310.0,1.31,1.7030621113067603
2026-01-16,320.0,1.0,1.2471544018349263
2026-01-16,330.0,0.72,0.9084388153468534
2026-01-16,340.0,0.58,0.658553886745743
2026-01-16,350.0,0.44,0.4753614124256984
2026-01-16,360.0,0.33,0.3418168913365349
2026-01-16,370.0,0.31,0.24495387782975708
2026-01-16,380.0,0.24,0.17501116916141024
2026-01-16,390.0,0.21,0.1247077855754497
2026-03-20,115.0,103.63,103.3408256177447
2026-03-20,120.0,97.8,98.61691956686835
2026-03-20,125.0,100.72,93.91163329686344
2026-03-20,130.0,90.07,89.23242060801357
2026-03-20,135.0,102.0,84.58834349711059
2026-03-20,140.0,80.44,79.99000247734253
2026-03-20,145.0,77.96,75.44936165782738
2026-03-20,150.0,71.8,70.97947779815803
2026-03-20,155.0,68.95,66.59415173357553
2026-03-20,160.0,62.35,62.30752693923276
2026-03-20,165.0,59.99,58.13366312763435
2026-03-20,170.0,57.55,54.086112752207924
2026-03-20,175.0,51.87,50.17752562430124
2026-03-20,180.0,48.03,46.41930227619912
2026-03-20,185.0,45.4,42.82131102863153
2026-03-20,190.0,41.0,39.39167770595074
2026-03-20,195.0,39.15,36.13665121029537
2026-03-20,200.0,34.65,33.06054316855324
2026-03-20,210.0,29.42,27.45274987290182
2026-03-20,220.0,23.93,22.56575397697999
2026-03-20,230.0,18.8,18.37178446491876
2026-03-20,240.0,15.0,14.823757724383498
2026-03-20,250.0,11.8,11.861700748174826
2026-03-20,260.0,9.1,9.41876265152085
2026-03-20,270.0,6.66,7.426258877477153
2026-03-20,280.0,5.15,5.817512204603794
2026-03-20,290.0,3.8,4.530488684723892
2026-03-20,300.0,2.83,3.509370139760044
2026-03-20,310.0,2.12,2.705272644391478
2026-03-20,320.0,1.62,2.076334293053293
2026-03-20,330.0,1.31,1.587376548695465
2026-03-20,340.0,0.99,1.2093083407081462
2026-03-20,350.0,0.75,0.918402378307368
2026-03-20,360.0,0.59,0.6955358106830918
2026-03-20,370.0,0.47,0.5254558334630337
2026-06-18,5.0,208.58,207.9921327664685
2026-06-18,10.0,241.8,203.29426309153072
2026-06-18,15.0,203.99,198.59639341659297
2026-06-18,20.0,194.85,193.8985237416552
2026-06-18,30.0,191.2,184.5027843917801
2026-06-18,35.0,194.58,179.80491471686696
2026-06-18,40.0,174.21,175.1070450426124
2026-06-18,45.0,170.1,170.40917537820542
2026-06-18,50.0,163.55,165.71130580714512
2026-06-18,55.0,160.67,161.0134368561355
2026-06-18,60.0,155.75,156.31557100830378
2026-06-18,65.0,151.63,151.61771751069415
2026-06-18,70.0,145.4,146.91990473748683
2026-06-18,75.0,141.83,142.22220681883107
2026-06-18,80.0,137.6,137.52479296134885
2026-06-18,85.0,136.93,132.8280076029257
2026-06-18,90.0,129.53,128.13248645163108
2026-06-18,95.0,127.05,123.43930770098649
2026-06-18,100.0,119.15,118.75017043688673
2026-06-18,105.0,147.4,114.06758520287323
2026-06-18,110.0,108.82,109.3950566103363
2026-06-18,115.0,107.37,104.73723596573993
2026-06-18,120.0,101.42,100.10002351438727
2026-06-18,125.0,102.55,95.49060464004152
2026-06-18,130.0,90.9,90.9174112067066
2026-06-18,135.0,90.62,86.39000692420136
2026-06-18,140.0,82.84,81.91890295324981
2026-06-18,145.0,78.05,77.51531599360912
2026-06-18,150.0,76.35,73.19088524486406
2026-06-18,155.0,70.2,68.95736669503685
2026-06-18,160.0,66.47,64.82632329327939
2026-06-18,165.0,64.65,60.80882803486975
2026-06-18,170.0,58.8,56.91519428165316
2026-06-18,175.0,54.0,53.154744238875054
2026-06-18,180.0,51.5,49.535622851625334
2026-06-18,185.0,48.07,46.06466083309974
2026-06-18,190.0,45.4,42.747287357207284
2026-06-18,195.0,42.75,39.58749030577616
2026-06-18,200.0,38.4,36.58781993403018
2026-06-18,205.0,36.3,33.74943041471606
2026-06-18,210.0,33.4,31.072152897410874
2026-06-18,215.0,30.04,28.554593398256202
2026-06-18,220.0,27.95,26.194248922670212
2026-06-18,225.0,25.12,23.987635620896796
2026-06-18,230.0,22.6,21.930423389426807
2026-06-18,235.0,21.13,20.017572076505218
2026-06-18,240.0,18.5,18.24346525669465
2026-06-18,245.0,16.49,16.602038351921564
2026-06-18,250.0,14.89,15.08689865288116
2026-06-18,255.0,13.36,13.6914355062992
2026-06-18,260.0,12.2,12.408919562538024
2026-06-18,265.0,11.53,11.232590515593827
2026-06-18,270.0,9.52,10.155733211817967
2026-06-18,275.0,7.86,9.171742357976171
2026-06-18,280.0,7.45,8.274176330282586
2026-06-18,285.0,6.32,7.456800782697968
2026-06-18,290.0,6.2,6.713622885029594
2026-06-18,300.0,4.6,5.427243437773036
2026-06-18,310.0,3.6,4.372724693272389
2026-06-18,320.0,2.77,3.5125667985323688
2026-06-18,330.0,2.22,2.814070627045826
2026-06-18,340.0,1.73,2.249112977325815
2026-06-18,350.0,1.33,1.7937896124056536
2026-06-18,360.0,1.18,1.4279877933156424
2026-06-18,370.0,0.91,1.134933377264538
2026-06-18,380.0,0.78,0.9007435781930786
2026-06-18,390.0,0.58,0.7140053615671382
2026-12-18,5.0,209.12,208.108437398594
2026-12-18,10.0,204.55,203.52687235578176
2026-12-18,15.0,197.69,198.9453073129695
2026-12-18,20.0,194.91,194.36374227015736
2026-12-18,25.0,188.87,189.78217722736179
2026-12-18,30.0,186.0,185.2006121853453
2026-12-18,35.0,177.71,180.61904715885092
2026-12-18,40.0,174.62,176.03748230151314
2026-12-18,45.0,168.68,171.45591862781131
2026-12-18,50.0,166.01,166.8743608761928
2026-12-18,60.0,158.65,157.71136275809724
2026-12-18,70.0,147.8,148.5492604742588
2026-12-18,80.0,136.35,139.3911752610383
2026-12-18,85.0,165.64,134.81603029732435
2026-12-18,90.0,130.0,130.24582430336778
2026-12-18,95.0,141.14,125.6832133069649
2026-12-18,100.0,121.28,121.13170503197533
2026-12-18,105.0,115.7,116.59572602489897
2026-12-18,110.0,110.2,112.08064212411047
2026-12-18,115.0,105.8,107.59272859385665
2026-12-18,120.0,102.5,103.13909117641987
2026-12-18,125.0,98.25,98.72754354354522
2026-12-18,130.0,95.47,94.36644974895985
2026-12-18,135.0,89.0,90.06454214503809
2026-12-18,140.0,90.81,85.83072587702553
2026-12-18,145.0,80.95,81.67388069127092
2026-12-18,150.0,77.54,77.60266964327548
2026-12-18,155.0,72.8,73.62536263783937
2026-12-18,160.0,71.65,69.74968082783663
2026-12-18,165.0,69.14,65.98266594875467
2026-12-18,170.0,65.73,62.33057683026952
2026-12-18,175.0,60.25,58.79881370936498
2026-12-18,180.0,57.45,55.39186963140956
2026-12-18,185.0,53.57,52.11330718824303
2026-12-18,190.0,52.45,48.9657580996829
2026-12-18,195.0,48.4,45.95094267180289
2026-12-18,200.0,44.17,43.069705925312135
2026-12-18,210.0,38.8,37.70727964989241
2026-12-18,220.0,34.23,32.86984955647955
2026-12-18,230.0,28.9,28.53877174552808
2026-12-18,240.0,24.7,24.687734243560016
2026-12-18,250.0,21.45,21.285033078413463
2026-12-18,260.0,17.85,18.295625889317037
2026-12-18,270.0,15.9,15.682880015152563
2026-12-18,280.0,12.48,13.409985030485203
2026-12-18,290.0,10.49,11.441036476291863
2026-12-18,300.0,8.6,9.741820341495128
2026-12-18,310.0,7.35,8.28033978228509
2026-12-18,320.0,5.75,7.027129700375113
2026-12-18,330.0,4.95,5.955403800903618
2026-12-18,340.0,4.55,5.04107471035735
2026-12-18,350.0,3.42,4.262682184915686
2026-12-18,360.0,2.7,3.6012584223820028
2026-12-18,370.0,2.83,3.0401536627888817
2026-12-18,380.0,5.1,2.5648399949969267
2026-12-18,390.0,1.54,2.1627067518698624
2026-12-18,400.0,1.48,1.8228571180230944
2026-12-18,410.0,1.29,1.5359125565010778
2026-12-18,420.0,1.2,1.293829306621717
2026-12-18,430.0,0.9,1.0897294191972495
2026-12-18,440.0,0.88,0.9177474791407674
2026-12-18,450.0,0.75,0.7728932268598339
2027-01-15,5.0,208.77,208.12597686594765
2027-01-15,10.0,204.96,203.56195129048905
2027-01-15,15.0,197.66,198.99792571503045
2027-01-15,20.0,193.18,194.43390013957213
2027-01-15,25.0,188.3,189.86987456415673
2027-01-15,30.0,182.25,185.30584899047167
2027-01-15,35.0,182.85,180.74182344737034
2027-01-15,40.0,173.8,176.17779820658953
2027-01-15,45.0,184.0,171.61377491693145
2027-01-15,50.0,165.53,167.04976074847065
2027-01-15,60.0,169.61,157.9218980631809
2027-01-15,70.0,147.0,148.79520629327493
2027-01-15,80.0,160.28,139.67344358112007
2027-01-15,85.0,135.84,135.11716095984985
2027-01-15,90.0,127.8,130.56654661732412
2027-01-15,95.0,123.1,126.02447990436038
2027-01-15,100.0,120.2,121.4946931379504
2027-01-15,105.0,117.5,116.98181837294733
2027-01-15,110.0,112.9,112.49138730872099
2027-01-15,115.0,129.35,108.02978302335633
2027-01-15,120.0,105.1,103.60414670120294
2027-01-15,125.0,100.42,99.22224608590324
2027-01-15,130.0,95.75,94.89231479232426
2027-01-15,135.0,100.0,90.62287281059001
2027-01-15,140.0,87.15,86.42253865767353
2027-01-15,145.0,83.0,82.29984289538166
2027-01-15,150.0,81.0,78.26305139400691
2027-01-15,155.0,75.93,74.32000502899385
2027-01-15,160.0,70.1,70.47798067168534
2027-01-15,165.0,67.15,66.74357654637495
2027-01-15,170.0,65.0,63.122623396658256
2027-01-15,175.0,61.0,59.62012151032323
2027-01-15,180.0,59.55,56.24020253051599
2027-01-15,185.0,56.5,52.98611413806255
2027-01-15,190.0,51.09,49.86022511035175
2027-01-15,195.0,49.95,46.86404791697747
2027-01-15,200.0,45.8,43.998275864851394
2027-01-15,210.0,40.28,38.656925638139555
2027-01-15,220.0,35.55,33.82738641176188
2027-01-15,230.0,30.25,29.491569638924886
2027-01-15,240.0,26.06,25.624267996734147
2027-01-15,250.0,22.3,22.195256847756795
2027-01-15,260.0,19.05,19.171184387001546
2027-01-15,270.0,16.0,16.517180217137863
2027-01-15,280.0,13.42,14.198158074536181
2027-01-15,290.0,11.25,12.179820112663002
2027-01-15,300.0,9.5,10.429389715020697
2027-01-15,310.0,7.85,8.916110008109406
2027-01-15,320.0,6.81,7.611548752130503
2027-01-15,330.0,5.4,6.489749388735369
2027-01-15,340.0,4.75,5.527264509824651
2027-01-15,350.0,3.75,4.703103184342744
2027-01-15,360.0,3.35,3.998618332013791
2027-01-15,370.0,2.61,3.3973552281858908
2027-01-15,380.0,2.39,2.8848775850113597
2027-01-15,390.0,1.98,2.4485836351007215
2027-01-15,400.0,1.7,2.077521287677456
2027-01-15,410.0,1.44,1.7622087094513503
2027-01-15,420.0,1.28,1.4944645409360042
2027-01-15,430.0,1.13,1.2672503150456649
2027-01-15,440.0,1.04,1.0745264161451145
2027-01-15,450.0,0.88,0.9111220260317667
2027-06-17,50.0,164.63,167.9964642745523
2027-06-17,55.0,159.84,163.52733892979555
2027-06-17,60.0,167.72,159.05860415461967
2027-06-17,65.0,163.47,154.5906989194386
2027-06-17,75.0,139.99,145.6608328443957
2027-06-17,80.0,141.85,141.20180198534666
2027-06-17,85.0,134.14,136.74967811725145
2027-06-17,90.0,129.8,132.30757912424056
2027-06-17,95.0,129.46,127.87938703822554
2027-06-17,100.0,122.39,123.46974653755441
2027-06-17,110.0,115.38,114.72822775992373
2027-06-17,115.0,113.5,110.40890467611118
2027-06-17,120.0,105.56,106.13300606973588
2027-06-17,125.0,104.28,101.90774621759599
2027-06-17,130.0,98.29,97.74045273490566
2027-06-17,135.0,94.0,93.63841917750871
2027-06-17,140.0,90.22,89.6087656242072
2027-06-17,145.0,86.37,85.65831204595125
2027-06-17,150.0,81.65,81.79346786479819
2027-06-17,155.0,78.05,78.02013978528866
2027-06-17,160.0,75.3,74.34365881611578
2027-06-17,165.0,71.85,70.7687264292276
2027-06-17,170.0,70.0,67.29937903946603
2027-06-17,175.0,65.45,63.93896942462868
2027-06-17,180.0,62.75,60.690163325486836
2027-06-17,185.0,59.3,57.55494924303807
2027-06-17,190.0,55.45,54.53465935849566
2027-06-17,195.0,54.3,51.62999951262934
2027-06-17,200.0,50.4,48.841086269305805
2027-06-17,210.0,44.41,43.60827694853677
2027-06-17,220.0,39.51,38.827064791045444
2027-06-17,230.0,34.35,34.48181690890253
2027-06-17,240.0,30.38,30.551965422932696
2027-06-17,250.0,26.5,27.01343609029267
2027-06-17,260.0,23.3,23.83991404096996
2027-06-17,270.0,20.14,21.003917931913662
2027-06-17,280.0,17.4,18.477676546152722
2027-06-17,290.0,14.94,16.23381694801934
2027-06-17,300.0,13.2,14.245882310727033
2027-06-17,310.0,11.37,12.48870201309198
2027-06-17,320.0,9.5,10.938637921248905
2027-06-17,330.0,7.87,9.573730030474522
2027-06-17,340.0,7.0,8.373762678747447
2027-06-17,350.0,6.05,7.320269960173377
2027-06-17,360.0,6.55,6.396496174208394
2027-06-17,370.0,4.65,5.587324409572481
2027-06-17,380.0,4.05,4.8791838353980985
2027-06-17,390.0,3.75,4.259944036011483
2027-06-17,400.0,2.95,3.7188028083393085
2027-06-17,410.0,2.75,3.2461722385711482
2027-06-17,420.0,2.27,2.8335665647872723
2027-06-17,430.0,1.95,2.4734942825252766
2027-06-17,440.0,1.77,2.1593561248496194
2027-06-17,450.0,1.64,1.8853499117761139
2027-12-17,50.0,166.54,169.10335006219833
2027-12-17,85.0,136.0,138.67409428849828
2027-12-17,90.0,130.74,134.36339541382068
2027-12-17,95.0,127.91,130.0726325989901
2027-12-17,100.0,122.45,125.80693797843419
2027-12-17,105.0,117.05,121.57190664961013
2027-12-17,115.0,111.6,113.21785789912833
2027-12-17,120.0,109.38,109.11131087154001
2027-12-17,125.0,104.15,105.06012424003096
2027-12-17,130.0,100.08,101.07045282472754
2027-12-17,135.0,96.71,97.14822538251512
2027-12-17,140.0,90.8,93.2990559137418
2027-12-17,145.0,87.5,89.52816961715746
2027-12-17,150.0,84.81,85.84034394132145
2027-12-17,155.0,81.83,82.23986448270081
2027-12-17,160.0,77.9,78.73049495277105
2027-12-17,165.0,73.99,75.31546006394113
2027-12-17,170.0,70.85,71.99743994642
2027-12-17,175.0,70.32,68.77857458223893
2027-12-17,180.0,66.73,65.66047670564438
2027-12-17,185.0,64.42,62.644251649728986
2027-12-17,190.0,59.39,59.73052269872197
2027-12-17,195.0,56.86,56.91946061791208
2027-12-17,200.0,55.0,54.21081616573849
2027-12-17,205.0,51.5,51.603954534873935
2027-12-17,210.0,47.97,49.09789081330902
2027-12-17,215.0,45.75,46.69132569677839
2027-12-17,220.0,44.13,44.38268081634949
2027-12-17,225.0,41.49,42.17013316703283
2027-12-17,230.0,40.35,40.051648233389884
2027-12-17,235.0,37.0,38.025011505678876
2027-12-17,240.0,34.57,36.08785816508214
2027-12-17,245.0,32.76,34.23770078944527
2027-12-17,250.0,30.8,32.47195499246337
2027-12-17,255.0,29.71,30.787962960303616
2027-12-17,260.0,28.05,29.183014891274638
2027-12-17,265.0,26.4,27.654368377404595
2027-12-17,270.0,25.55,26.19926579271207
2027-12-17,275.0,22.5,24.81494977254725
2027-12-17,280.0,21.4,23.49867688257777
2027-12-17,285.0,20.54,22.247729585647164
2027-12-17,290.0,20.01,21.059426620612072
2027-12-17,295.0,17.69,19.93113191005159
2027-12-17,300.0,16.96,18.860262114035358
2027-12-17,310.0,14.45,16.88076435922465
2027-12-17,315.0,13.64,15.967284723260832
2027-12-17,320.0,13.04,15.10153407403137
2027-12-17,325.0,12.34,14.281266553611943
2027-12-17,330.0,11.42,13.504312119148395
2027-12-17,335.0,10.44,12.768577609297857
2027-12-17,370.0,6.44,8.612938420532132
2027-12-17,375.0,6.1,8.140801750680275
2027-12-17,400.0,4.35,6.140730720922413
2027-12-17,405.0,4.15,5.804200664103764
2027-12-17,410.0,4.0,5.486228422216875
2027-12-17,415.0,3.9,5.185808426656468
2027-12-17,420.0,3.49,4.901986256739711
2027-12-17,425.0,3.9,4.633856471439028
2027-12-17,440.0,2.6,3.915257304047678
